type_tmt	tag	reporter_ion	-2	-1	monoisotopic	1	2
TMT10	126	126.127726	0	0	100	8.2	0
TMT10	127N	127.124761	0	0	100	6.2	0
TMT10	127C	127.131081	0	0.8	100	6.5	0
TMT10	128N	128.128116	0	0.4	100	6.6	0
TMT10	128C	128.134436	0	1.5	100	5.8	0
TMT10	129N	129.131471	0	1.6	100	5.4	0
TMT10	129C	129.13779	0	2.7	100	4.7	0
TMT10	130N	130.134825	0	2.4	100	4.4	0
TMT10	130C	130.141145	0	3.3	100	3.3	0
TMT10	131	131.13818	0.8	2.9	100	3.7	0
